{"cameraMode":{"drawMode":0,"name":"Shaded","section":"Shading Mode"},"sceneLighting":true,"audioPlay":false,"sceneViewState":{"showFog":true,"showMaterialUpdate":false,"showSkybox":true,"showFlares":true,"showImageEffects":true,"showParticleSystems":true},"in2DMode":false,"pivot":{"x":12.56314468383789,"y":-0.4837350845336914,"z":9.235103607177735},"rotation":{"x":-0.10103380680084229,"y":-0.482072651386261,"z":0.0560799315571785,"w":-0.8685014247894287},"size":20.545618057250978,"orthographic":false}